model,lr,batch_size,min_val_loss,max_val_top1_acc
SLE,0.001,128,0.352318213224411,0.8965
SLE,0.01,128,0.5203437285423279,0.8229
SLE,0.0001,128,0.7086974316596985,0.7941
