,loss_train,loss_test,top1_acc_train,top1_acc_test,top3_acc_train,top3_acc_test,running_corrects_1_train,running_corrects_1_test,running_corrects_3_train,running_corrects_3_test,dataset_sizes_train,dataset_sizes_test,time,batches_train,batches_test,epoch
0,1.6789224252319337,1.3832406999588012,0.36828,0.4835,0.71548,0.8182,18414.0,4835.0,35774.0,8182.0,50000,10000,76.19477534294128,1563,157,0
0,1.2737511861228943,1.0594060038566588,0.54154,0.6221,0.84268,0.8848,27077.0,6221.0,42134.0,8848.0,50000,10000,70.83308386802673,1563,157,1
0,1.020934755268097,0.8667436161994934,0.63804,0.6953,0.89332,0.9202,31902.0,6953.0,44666.0,9202.0,50000,10000,70.40322375297546,1563,157,2
0,0.8417957159614563,0.711018220615387,0.70454,0.7518,0.92276,0.9428,35227.0,7518.0,46138.0,9428.0,50000,10000,71.0696291923523,1563,157,3
0,0.7417369315338135,0.6570534130096436,0.74254,0.7727,0.93884,0.9493,37127.0,7727.0,46942.0,9493.0,50000,10000,83.65412163734436,1563,157,4
0,0.6675155086898804,0.5929703115463257,0.77102,0.7959,0.94652,0.9595,38551.0,7959.0,47326.0,9595.0,50000,10000,70.78094005584717,1563,157,5
0,0.6209929436397552,0.5868638394355774,0.78534,0.8012,0.95252,0.9576,39267.0,8012.0,47626.0,9576.0,50000,10000,71.7468614578247,1563,157,6
0,0.5784734716892243,0.5788794863700867,0.80062,0.806,0.95796,0.9606,40031.0,8060.0,47898.0,9606.0,50000,10000,70.72020292282104,1563,157,7
0,0.5447206812143326,0.5318237755775451,0.81226,0.819,0.96284,0.9675,40613.0,8190.0,48142.0,9675.0,50000,10000,70.86775588989258,1563,157,8
