Model,Batch Size,Average Inference Time(Image),Average Inference Time(Batch),Images/s,Batches/s
<class 'shufflenet_alt.ShuffleNetSE'>,32,0.00030247890949249267,0.009663862923082833,3306.015621643926,103.47828895745488
<class 'shufflenet_alt.ShuffleNetSE'>,64,0.0001568542718887329,0.009990717954696363,6375.344375123975,100.09290668944641
<class 'shufflenet_alt.ShuffleNetSE'>,128,7.612984180450439e-05,0.009636688836013214,13135.45353959783,103.77008296282284
